g01-1,assets/images/rock/g1-1.spt
g02-1,assets/images/rock/g2-1.spt
g03-1,assets/images/rock/g3-1.spt
g04-1,assets/images/rock/g4-1.spt
g05-1,assets/images/rock/g5-1.spt
g06-1,assets/images/rock/g6-1.spt
g07-1,assets/images/rock/g7-1.spt
g11-1,assets/images/rock/g11-1.spt
g12-1,assets/images/rock/g12-1.spt
g13-1,assets/images/rock/g13-1.spt
g14-1,assets/images/rock/g14-1.spt
g15-1,assets/images/rock/g15-1.spt
g16-1,assets/images/rock/g16-1.spt
g17-1,assets/images/rock/g17-1.spt
g18-1,assets/images/rock/g18-1.spt
g19-1,assets/images/rock/g19-1.spt
g20-1,assets/images/rock/g20-1.spt
g11-2,assets/images/rock/g11-2.spt
g12-2,assets/images/rock/g12-2.spt
g13-2,assets/images/rock/g13-2.spt
g14-2,assets/images/rock/g14-2.spt
g15-2,assets/images/rock/g15-2.spt
g16-2,assets/images/rock/g16-2.spt
g17-2,assets/images/rock/g17-2.spt
g18-2,assets/images/rock/g18-2.spt
g19-2,assets/images/rock/g19-2.spt
g20-2,assets/images/rock/g20-2.spt
